Open;High;Low;Close;Volume;Dividends;Stock Splits
42.73500061035156;42.73500061035156;35.900001525878906;36.900001525878906;295438;0.0;0.0
38.665000915527344;38.665000915527344;36.599998474121094;36.60499954223633;144236;0.0;0.0
36.79499816894531;38.0;36.20000076293945;36.5;98716;0.0;0.0
36.5;36.5;33.70500183105469;34.994998931884766;73637;0.0;0.0
35.0;35.0;33.720001220703125;34.0;33957;0.0;0.0
34.0;36.0;33.0;35.0;23615;0.0;0.0
35.994998931884766;36.599998474121094;35.0;35.0;62362;0.0;0.0
35.5;35.79999923706055;34.599998474121094;35.0;45923;0.0;0.0
35.20000076293945;35.20000076293945;34.0;34.099998474121094;68291;0.0;0.0
36.0;36.0;34.5;35.900001525878906;32481;0.0;0.0
35.9900016784668;35.9900016784668;35.20000076293945;35.47999954223633;8101;0.0;0.0
35.5;35.79999923706055;34.98500061035156;35.01499938964844;20408;0.0;0.0
35.0;35.0;34.0;34.0;12962;0.0;0.0
34.75;35.0;34.0;35.0;6085;0.0;0.0
35.0;35.994998931884766;35.0;35.17499923706055;6462;0.0;0.0
35.599998474121094;36.2400016784668;35.5;35.5;10224;0.0;0.0
35.5;35.88999938964844;34.77000045776367;35.0;12295;0.0;0.0
35.0;35.20000076293945;34.91999816894531;35.099998474121094;6273;0.0;0.0
35.974998474121094;35.974998474121094;35.0;35.05500030517578;11795;0.0;0.0
35.05500030517578;35.5;35.0;35.45000076293945;15019;0.0;0.0
35.54999923706055;35.994998931884766;35.005001068115234;35.474998474121094;7484;0.0;0.0
35.44499969482422;35.44499969482422;34.70000076293945;34.70000076293945;3870;0.0;0.0
35.0;35.439998626708984;34.20000076293945;34.5;11401;0.0;0.0
34.970001220703125;34.970001220703125;34.5;34.689998626708984;5433;0.0;0.0
34.150001525878906;34.45000076293945;34.150001525878906;34.45000076293945;2377;0.0;0.0
34.10499954223633;34.20000076293945;34.01499938964844;34.01499938964844;8107;0.0;0.0
34.689998626708984;34.689998626708984;34.29999923706055;34.29999923706055;472;0.0;0.0
34.400001525878906;35.0;34.400001525878906;35.0;16341;0.0;0.0
35.20000076293945;35.599998474121094;34.5;35.599998474121094;5450;0.0;0.0
35.595001220703125;35.595001220703125;34.75;35.20000076293945;4220;0.0;0.0
35.5;35.5;35.0;35.34000015258789;5908;0.0;0.0
35.29999923706055;35.29999923706055;34.5;34.5;4988;0.0;0.0
34.5;34.5;33.994998931884766;34.0;9689;0.0;0.0
34.0;34.0;33.994998931884766;34.0;8202;0.0;0.0
34.0;34.0;33.505001068115234;33.505001068115234;3113;0.0;0.0
34.0;35.494998931884766;32.099998474121094;35.0;7642;0.0;0.0
35.0;35.0;34.744998931884766;34.744998931884766;758;0.0;0.0
34.5;34.5;33.33000183105469;34.0;8377;0.0;0.0
34.0;34.98500061035156;33.599998474121094;34.39500045776367;9359;0.0;0.0
34.38999938964844;34.38999938964844;34.0;34.349998474121094;9365;0.0;0.0
34.5;35.0;34.150001525878906;34.150001525878906;9407;0.0;0.0
35.0;35.0;33.0;33.5;8755;0.0;0.0
34.994998931884766;34.994998931884766;33.994998931884766;33.994998931884766;3571;0.0;0.0
34.0;34.0;33.79999923706055;34.0;3880;0.0;0.0
34.0;34.0;33.5;34.0;5562;0.0;0.0
34.0;34.0;33.0;33.5;2870;0.0;0.0
33.5;34.0;33.5;34.0;26694;0.0;0.0
34.0;34.5;33.5;33.5;10813;0.0;0.0
33.900001525878906;34.39500045776367;33.525001525878906;33.70000076293945;4915;0.0;0.0
34.39500045776367;34.9900016784668;33.525001525878906;33.525001525878906;9635;0.0;0.0
33.994998931884766;34.9900016784668;33.505001068115234;33.994998931884766;4298;0.0;0.0
34.400001525878906;34.9900016784668;34.0;34.0;7915;0.0;0.0
34.849998474121094;34.849998474121094;32.0;33.20000076293945;12651;0.0;0.0
34.0;34.0;33.20500183105469;33.5;8045;0.0;0.0
33.5;34.790000915527344;33.29999923706055;33.54999923706055;12975;0.0;0.0
33.5;34.89500045776367;33.20000076293945;33.5;8152;0.0;0.0
33.900001525878906;34.70000076293945;33.599998474121094;33.599998474121094;3644;0.0;0.0
33.900001525878906;34.0;33.5;33.5;7225;0.0;0.0
33.79999923706055;34.5;33.310001373291016;34.0;1478;0.0;0.0
34.0;34.69499969482422;33.029998779296875;33.994998931884766;11080;0.0;0.0
34.52000045776367;34.52000045776367;33.994998931884766;34.0;2839;0.0;0.0
35.03499984741211;37.0;34.209999084472656;35.0;20102;0.0;0.0
35.0;36.5;34.29999923706055;34.70000076293945;6574;0.0;0.0
34.20500183105469;34.70000076293945;34.11000061035156;34.25;2248;0.0;0.0
34.25;34.25;33.79999923706055;34.20000076293945;7345;0.0;0.0
34.5;34.900001525878906;34.20000076293945;34.599998474121094;53004;0.0;0.0
34.5;35.20000076293945;34.099998474121094;34.099998474121094;36651;0.0;0.0
34.25;35.0;34.0;34.5;31954;0.0;0.0
34.900001525878906;34.900001525878906;33.79999923706055;34.5;37025;0.0;0.0
34.900001525878906;34.900001525878906;34.0;34.494998931884766;43376;0.0;0.0
34.88999938964844;34.88999938964844;34.0;34.29999923706055;19254;0.0;0.0
34.5;34.5;34.0;34.400001525878906;50167;0.0;0.0
34.400001525878906;35.45000076293945;34.400001525878906;34.9900016784668;14795;0.0;0.0
34.9900016784668;34.9900016784668;34.0;34.20000076293945;13620;0.0;0.0
34.900001525878906;35.70000076293945;34.599998474121094;35.70000076293945;53996;0.0;0.0
36.47999954223633;36.47999954223633;35.0099983215332;35.59000015258789;37671;0.0;0.0
36.68000030517578;36.68000030517578;35.5;35.88999938964844;50183;0.0;0.0
38.0;44.0;37.9900016784668;44.0;314916;0.0;0.0
43.0;46.70000076293945;41.150001525878906;44.0;191697;0.0;0.0
44.0;44.0;41.599998474121094;42.494998931884766;32779;0.0;0.0
43.599998474121094;43.599998474121094;40.150001525878906;41.5;46387;0.0;0.0
42.349998474121094;42.349998474121094;39.5;40.0;54152;0.0;0.0
40.0;40.9900016784668;39.0;39.994998931884766;24862;0.0;0.0
41.0;41.970001220703125;39.10499954223633;40.28499984741211;69299;0.0;0.0
39.5;40.0;38.0;39.880001068115234;18907;0.0;0.0
40.0;40.599998474121094;39.599998474121094;40.599998474121094;7448;0.0;0.0
40.599998474121094;42.599998474121094;39.5099983215332;41.0;8858;0.0;0.0
41.5;41.5;40.5;41.39500045776367;28637;0.0;0.0
41.0;41.900001525878906;40.599998474121094;41.0;15589;0.0;0.0
40.599998474121094;41.70000076293945;40.5;40.79499816894531;16375;0.0;0.0
40.79499816894531;41.0;40.79499816894531;41.0;18471;0.0;0.0
41.0;41.20000076293945;40.01499938964844;40.75;13307;0.0;0.0
41.79999923706055;43.599998474121094;41.20000076293945;43.400001525878906;65027;0.0;0.0
43.494998931884766;48.400001525878906;43.400001525878906;46.994998931884766;82779;0.0;0.0
47.20000076293945;49.0;45.0;47.79999923706055;67582;0.0;0.0
47.994998931884766;48.994998931884766;46.0;47.0;27173;0.0;0.0
46.20000076293945;47.0;43.505001068115234;43.79999923706055;29788;0.0;0.0
43.900001525878906;44.994998931884766;42.709999084472656;42.79999923706055;15647;0.0;0.0
43.404998779296875;43.404998779296875;41.505001068115234;43.0;5746;0.0;0.0
43.20000076293945;43.20000076293945;41.599998474121094;42.20000076293945;43136;0.0;0.0
42.5;43.099998474121094;40.79999923706055;40.79999923706055;57362;0.0;0.0
41.0;41.79999923706055;41.0;41.20000076293945;22579;0.0;0.0
40.0;40.994998931884766;38.209999084472656;38.34000015258789;32692;0.0;0.0
38.02000045776367;39.400001525878906;38.02000045776367;38.70000076293945;26848;0.0;0.0
39.0;41.994998931884766;38.099998474121094;39.9900016784668;9440;0.0;0.0
40.494998931884766;42.994998931884766;39.0;39.994998931884766;8337;0.0;0.0
39.5;41.5;39.0;39.79999923706055;9537;0.0;0.0
39.79999923706055;40.0;39.79999923706055;39.900001525878906;2620;0.0;0.0
40.400001525878906;40.400001525878906;39.0;39.20000076293945;7829;0.0;0.0
39.20000076293945;40.0;39.0;39.79999923706055;10230;0.0;0.0
40.0;45.0;39.900001525878906;43.5;33814;0.0;0.0
43.5;43.5;41.150001525878906;41.994998931884766;17543;0.0;0.0
42.0;44.0;41.5;43.0;33982;0.0;0.0
43.5;43.5;41.099998474121094;41.79499816894531;15537;0.0;0.0
40.0;43.0;40.0;42.0;7008;0.0;0.0
42.0;42.0;40.310001373291016;41.18000030517578;9709;0.0;0.0
40.525001525878906;42.5;40.20000076293945;40.5;76069;0.0;0.0
40.505001068115234;40.994998931884766;40.5;40.94499969482422;21332;0.0;0.0
41.505001068115234;41.505001068115234;39.599998474121094;40.79499816894531;21224;0.0;0.0
41.29499816894531;41.29499816894531;39.0;39.75;18877;0.0;0.0
39.5;43.0;39.5;41.505001068115234;68749;0.0;0.0
42.494998931884766;42.494998931884766;41.505001068115234;42.39500045776367;36268;0.0;0.0
42.0;42.39500045776367;40.75;42.39500045776367;28126;0.0;0.0
41.0;43.0;41.0;41.650001525878906;28910;0.0;0.0
41.650001525878906;42.994998931884766;41.650001525878906;42.9900016784668;5091;0.0;0.0
43.0;48.599998474121094;43.0;45.599998474121094;99874;0.0;0.0
45.77000045776367;46.20000076293945;45.70000076293945;46.0;180403;0.0;0.0
46.099998474121094;46.099998474121094;44.10499954223633;45.0;17856;0.0;0.0
44.5099983215332;45.0;44.005001068115234;44.79999923706055;12378;0.0;0.0
44.80500030517578;44.80500030517578;44.0;44.69499969482422;6061;0.0;0.0
45.0;45.0;43.20000076293945;44.595001220703125;12695;0.0;0.0
44.0;45.0;43.599998474121094;44.099998474121094;8230;0.0;0.0
44.0;45.0;43.5;43.5;3510;0.0;0.0
45.0;45.0;44.29999923706055;44.9900016784668;21416;0.0;0.0
44.5;45.0;44.5;45.0;9207;0.0;0.0
45.0;45.0;43.0;44.5;6088;0.0;0.0
44.0;44.849998474121094;43.099998474121094;44.849998474121094;51128;0.0;0.0
44.0;44.5;43.10499954223633;44.45000076293945;13366;0.0;0.0
43.099998474121094;44.5;43.0;43.775001525878906;50264;0.0;0.0
42.505001068115234;43.775001525878906;42.5;43.77000045776367;21985;0.0;0.0
42.400001525878906;43.0;39.0;41.994998931884766;52348;0.0;0.0
43.5;43.5;42.0;42.0;6925;0.0;0.0
42.0;43.77000045776367;40.005001068115234;42.900001525878906;8256;0.0;0.0
43.0;43.5;41.0099983215332;41.79999923706055;13168;0.0;0.0
41.599998474121094;44.0;41.599998474121094;42.494998931884766;35972;0.0;0.0
42.29499816894531;43.0;42.0;43.0;15746;0.0;0.0
42.79999923706055;44.0;40.5;42.0;48259;0.0;0.0
41.79999923706055;43.0;41.599998474121094;42.5;12593;0.0;0.0
43.790000915527344;44.0;42.63999938964844;42.63999938964844;17054;0.0;0.0
43.41999816894531;44.900001525878906;43.0;43.099998474121094;19527;0.0;0.0
43.099998474121094;44.89500045776367;43.099998474121094;44.400001525878906;106824;0.0;0.0
43.0;43.5;42.0;42.1150016784668;21197;0.0;0.0
42.29999923706055;43.29999923706055;42.20000076293945;43.29999923706055;111275;0.0;0.0
42.58000183105469;43.0;42.10499954223633;42.20000076293945;7732;0.0;0.0
42.5;42.994998931884766;42.244998931884766;42.994998931884766;660;0.0;0.0
42.29999923706055;43.0;42.29999923706055;43.0;4378;0.0;0.0
42.20000076293945;48.0;42.20000076293945;46.0;36361;0.0;0.0
47.599998474121094;47.599998474121094;44.599998474121094;45.39500045776367;16379;0.0;0.0
47.900001525878906;47.900001525878906;44.04999923706055;44.5099983215332;13977;0.0;0.0
45.0;45.5;43.5;44.994998931884766;11424;0.0;0.0
44.20000076293945;44.5;43.0;44.0;18571;0.0;0.0
43.79999923706055;43.79999923706055;41.02000045776367;42.57500076293945;15277;0.0;0.0
42.0;45.97999954223633;41.064998626708984;45.97999954223633;26022;0.0;0.0
45.0;45.0;41.900001525878906;42.5;24574;0.0;0.0
42.0;43.0;41.0;42.0;20511;0.0;0.0
42.0;42.5;41.0;41.994998931884766;16656;0.0;0.0
41.099998474121094;41.994998931884766;40.400001525878906;40.599998474121094;42702;0.0;0.0
40.900001525878906;42.79999923706055;40.900001525878906;41.9900016784668;17954;0.0;0.0
42.994998931884766;43.79999923706055;42.30500030517578;43.70000076293945;26290;0.0;0.0
44.0;44.20000076293945;42.10499954223633;43.70000076293945;6747;0.0;0.0
42.20500183105469;43.70000076293945;42.20500183105469;43.29999923706055;8555;0.0;0.0
43.0;43.0;42.25;42.25;2414;0.0;0.0
42.994998931884766;42.994998931884766;42.0;42.9900016784668;11487;0.0;0.0
42.5;44.599998474121094;42.0;42.0;26860;0.0;0.0
42.0;42.994998931884766;42.0;42.994998931884766;6816;0.0;0.0
42.79499816894531;43.599998474121094;42.505001068115234;42.70000076293945;20888;0.0;0.0
42.900001525878906;43.5;42.5;43.0;19274;0.0;0.0
43.45000076293945;45.0;42.5;44.470001220703125;15586;0.0;0.0
45.0;48.0;44.599998474121094;45.994998931884766;38760;0.0;0.0
47.29999923706055;47.29999923706055;46.0;46.0;30388;0.0;0.0
46.0;47.70000076293945;46.0;46.5;16639;0.0;0.0
47.75;47.75;46.79999923706055;47.70000076293945;25180;0.0;0.0
47.75;48.0;46.0;47.0;22858;0.0;0.0
46.5;46.5;42.0;44.494998931884766;38949;0.0;0.0
46.27000045776367;46.27000045776367;44.005001068115234;44.099998474121094;14615;0.0;0.0
43.994998931884766;45.0;43.0;45.0;11057;0.0;0.0
44.9900016784668;45.0;43.400001525878906;45.0;57809;0.0;0.0
45.0;45.0;44.0;45.0;3997;0.0;0.0
45.0;45.0;44.0;45.0;10409;0.0;0.0
44.959999084472656;44.959999084472656;44.25;44.25;1472;0.0;0.0
44.900001525878906;44.900001525878906;43.0;43.5;6978;0.0;0.0
43.29999923706055;44.900001525878906;43.29999923706055;43.599998474121094;3469;0.0;0.0
43.599998474121094;44.599998474121094;43.5;44.20000076293945;10017;0.0;0.0
44.5;44.70000076293945;44.0;44.70000076293945;10559;0.0;0.0
44.70000076293945;44.70000076293945;43.599998474121094;44.5;16513;0.0;0.0
43.70500183105469;44.0;43.70500183105469;44.0;101778;0.0;0.0
43.70500183105469;44.5;43.70500183105469;44.400001525878906;2510;0.0;0.0
44.5;44.70000076293945;44.0;44.70000076293945;5822;0.0;0.0
44.0;46.900001525878906;44.0;45.5;7207;0.0;0.0
47.0;47.0;45.0;45.0;2381;0.0;0.0
44.0099983215332;44.29999923706055;44.0099983215332;44.15999984741211;1092;0.0;0.0
44.005001068115234;44.5;44.005001068115234;44.099998474121094;3378;0.0;0.0
45.994998931884766;45.994998931884766;43.900001525878906;44.0;11937;0.0;0.0
43.900001525878906;44.0099983215332;43.900001525878906;44.0099983215332;1485;0.0;0.0
43.599998474121094;43.724998474121094;43.5;43.5;4768;0.0;0.0
43.20000076293945;44.5;43.0;44.400001525878906;10254;0.0;0.0
45.099998474121094;45.099998474121094;42.619998931884766;43.10499954223633;3543;0.0;0.0
44.994998931884766;44.994998931884766;44.75;44.75;393;0.0;0.0
42.79999923706055;43.79999923706055;42.79999923706055;43.099998474121094;2352;0.0;0.0
42.79999923706055;43.79999923706055;42.5;43.599998474121094;6167;0.0;0.0
42.79999923706055;43.599998474121094;42.79999923706055;43.0;1344;0.0;0.0
43.70000076293945;43.79999923706055;43.70000076293945;43.70000076293945;3390;0.0;0.0
43.5;43.5;43.0;43.0;5270;0.0;0.0
43.0;43.0;42.0;42.599998474121094;6821;0.0;0.0
41.900001525878906;43.0;41.900001525878906;43.0;1530;0.0;0.0
42.5;42.5;41.0;41.400001525878906;47479;0.0;0.0
42.099998474121094;42.099998474121094;40.5;42.0;2498;0.0;0.0
41.5;42.0;41.400001525878906;42.0;10059;0.0;0.0
42.0;42.5;41.79999923706055;41.79999923706055;6312;0.0;0.0
41.400001525878906;41.79999923706055;41.400001525878906;41.70000076293945;130331;0.0;0.0
41.099998474121094;41.70000076293945;41.099998474121094;41.099998474121094;6108;0.0;0.0
42.599998474121094;42.599998474121094;41.0;42.5;2867;0.0;0.0
42.29999923706055;42.29999923706055;41.20000076293945;41.29999923706055;6086;0.0;0.0
42.599998474121094;42.599998474121094;40.5;41.900001525878906;12659;0.0;0.0
41.0;42.599998474121094;40.5;42.599998474121094;14726;0.0;0.0
42.599998474121094;42.599998474121094;41.0;42.599998474121094;13252;0.0;0.0
41.20000076293945;42.599998474121094;41.20000076293945;42.599998474121094;445;0.0;0.0
42.599998474121094;44.0;41.20000076293945;42.5;9139;0.0;0.0
43.5;43.5;42.5;43.400001525878906;3473;0.0;0.0
43.29999923706055;44.0;41.099998474121094;41.099998474121094;15016;0.0;0.0
41.20000076293945;42.79999923706055;41.20000076293945;42.0;2388;0.0;0.0
43.0;44.0;42.099998474121094;42.20000076293945;79952;0.0;0.0
42.0;44.0;41.5;43.5;4466;0.0;0.0
41.099998474121094;43.29999923706055;40.5;43.20000076293945;6240;0.0;0.0
43.0;43.0;41.900001525878906;41.900001525878906;16191;0.0;0.0
41.400001525878906;42.5;40.5;41.900001525878906;4518;0.0;0.0
41.900001525878906;42.099998474121094;40.599998474121094;41.599998474121094;5264;0.0;0.0
41.900001525878906;41.900001525878906;41.099998474121094;41.900001525878906;637;0.0;0.0
41.79999923706055;41.79999923706055;41.0;41.0;5418;0.0;0.0
41.79999923706055;41.79999923706055;41.099998474121094;41.099998474121094;3728;0.0;0.0
41.70000076293945;41.70000076293945;41.0;41.0;7985;0.0;0.0
41.5;41.5;41.20000076293945;41.29999923706055;3862;0.0;0.0
41.20000076293945;41.5;41.0;41.5;2116;0.0;0.0
41.5;41.900001525878906;41.20000076293945;41.20000076293945;9078;0.0;0.0
41.0;42.5;41.0;41.29999923706055;6427;0.0;0.0
41.5;42.5;41.099998474121094;41.29999923706055;2106;0.0;0.0
42.0;42.099998474121094;40.70000076293945;42.099998474121094;1566;0.0;0.0
42.0;42.0;41.20000076293945;41.400001525878906;6666;0.0;0.0
42.0;42.0;41.599998474121094;41.599998474121094;1549;0.0;0.0
41.29999923706055;42.5;41.29999923706055;42.29999923706055;9483;0.0;0.0
43.20000076293945;43.20000076293945;42.400001525878906;42.599998474121094;8813;0.0;0.0
43.79999923706055;43.79999923706055;42.099998474121094;42.29999923706055;5529;0.0;0.0
42.20000076293945;44.20000076293945;42.20000076293945;43.5;19828;0.0;0.0
42.599998474121094;44.29999923706055;42.599998474121094;43.400001525878906;2661;0.0;0.0
45.0;45.900001525878906;43.79999923706055;43.79999923706055;2520;0.0;0.0
43.099998474121094;45.5;43.099998474121094;44.0;10752;0.0;0.0
43.5;45.29999923706055;43.5;44.70000076293945;3023;0.0;0.0
45.5;45.5;45.20000076293945;45.20000076293945;381;0.0;0.0
44.900001525878906;44.900001525878906;43.0;44.0;4298;0.0;0.0
45.0;45.0;44.0;44.599998474121094;3368;0.0;0.0
43.900001525878906;44.20000076293945;43.900001525878906;43.900001525878906;1217;0.0;0.0
42.79999923706055;44.599998474121094;42.79999923706055;44.599998474121094;3286;0.0;0.0
44.5;47.5;44.0;46.599998474121094;36712;0.0;0.0
46.29999923706055;48.70000076293945;46.29999923706055;47.099998474121094;18942;0.0;0.0
47.099998474121094;49.0;47.0;47.0;3019;0.0;0.0
47.0;49.79999923706055;47.0;47.0;3575;0.0;0.0
47.5;48.400001525878906;47.0;47.20000076293945;1599;0.0;0.0
48.29999923706055;49.599998474121094;47.5;47.70000076293945;2250;0.0;0.0
49.79999923706055;49.79999923706055;46.79999923706055;47.5;2183;0.0;0.0
47.599998474121094;47.900001525878906;47.0;47.0;1371;0.0;0.0
47.5;47.5;46.29999923706055;46.29999923706055;572;0.0;0.0
48.0;48.900001525878906;47.0;47.0;1750;0.0;0.0
46.599998474121094;46.599998474121094;46.20000076293945;46.20000076293945;1973;0.0;0.0
46.20000076293945;48.900001525878906;46.0;47.70000076293945;347;0.0;0.0
47.0;47.099998474121094;46.900001525878906;46.900001525878906;950;0.0;0.0
47.099998474121094;47.099998474121094;46.79999923706055;46.79999923706055;2123;0.0;0.0
47.0;48.5;47.0;48.0;882;0.0;0.0
48.099998474121094;48.099998474121094;46.0;48.0;1526;0.0;0.0
46.0;46.0;46.0;46.0;250;0.0;0.0
46.599998474121094;47.5;46.0;47.5;3969;0.0;0.0
47.5;47.5;45.099998474121094;45.5;4091;0.0;0.0
46.400001525878906;46.400001525878906;44.0;44.5;6479;0.0;0.0
44.5;44.5;44.29999923706055;44.29999923706055;300;0.0;0.0
45.79999923706055;46.0;44.0;44.0;7857;0.0;0.0
44.5;45.900001525878906;44.5;45.79999923706055;204;0.0;0.0
45.0;46.0;45.0;46.0;994;0.0;0.0
45.79999923706055;46.0;44.0;45.5;1948;0.0;0.0
44.70000076293945;45.0;44.70000076293945;45.0;20;0.0;0.0
45.5;45.5;45.5;45.5;754;0.0;0.0
45.5;45.5;44.0;44.099998474121094;903;0.0;0.0
45.79999923706055;45.79999923706055;45.0;45.0;626;0.0;0.0
45.900001525878906;45.900001525878906;45.900001525878906;45.900001525878906;360;0.0;0.0
45.900001525878906;45.900001525878906;45.900001525878906;45.900001525878906;0;0.0;0.0
44.29999923706055;46.0;44.29999923706055;45.29999923706055;1699;0.0;0.0
44.099998474121094;46.0;44.099998474121094;46.0;2029;0.0;0.0
45.099998474121094;45.70000076293945;44.400001525878906;45.70000076293945;3963;0.0;0.0
44.5;46.400001525878906;44.5;46.099998474121094;499;0.0;0.0
46.5;46.5;44.29999923706055;45.5;4155;0.0;0.0
44.400001525878906;49.79999923706055;44.400001525878906;46.5;46842;0.0;0.0
46.79999923706055;49.79999923706055;46.5;46.5;7190;0.0;0.0
49.79999923706055;49.79999923706055;46.20000076293945;46.29999923706055;1116;0.0;0.0
46.20000076293945;47.099998474121094;46.099998474121094;46.099998474121094;2012;0.0;0.0
46.0;46.900001525878906;46.0;46.900001525878906;769;0.0;0.0
46.0;46.0;45.20000076293945;45.79999923706055;2582;0.0;0.0
47.79999923706055;47.79999923706055;45.0;45.79999923706055;13722;0.0;0.0
47.900001525878906;47.900001525878906;46.5;46.79999923706055;4175;0.0;0.0
47.900001525878906;48.0;47.099998474121094;47.099998474121094;3137;0.0;0.0
48.0;48.900001525878906;48.0;48.900001525878906;5331;0.0;0.0
46.5;46.599998474121094;43.900001525878906;46.0;48823;0.0;0.0
45.70000076293945;45.70000076293945;43.099998474121094;43.599998474121094;4978;0.0;0.0
43.0;45.900001525878906;43.0;44.79999923706055;7361;0.0;0.0
45.0;45.0;43.599998474121094;43.900001525878906;4171;0.0;0.0
44.900001525878906;45.0;43.599998474121094;44.5;3445;0.0;0.0
45.0;46.0;45.0;45.0;6577;0.0;0.0
45.5;45.5;44.099998474121094;45.20000076293945;927;0.0;0.0
44.099998474121094;44.900001525878906;44.099998474121094;44.900001525878906;1005;0.0;0.0
44.400001525878906;45.20000076293945;44.20000076293945;44.599998474121094;1769;0.0;0.0
43.79999923706055;45.0;43.79999923706055;43.900001525878906;418;0.0;0.0
43.599998474121094;44.900001525878906;43.599998474121094;44.20000076293945;1863;0.0;0.0
43.5;45.0;43.5;44.900001525878906;2794;0.0;0.0
45.20000076293945;45.20000076293945;44.29999923706055;44.29999923706055;3559;0.0;0.0
45.20000076293945;46.5;45.0;45.79999923706055;4887;0.0;0.0
43.599998474121094;45.20000076293945;43.5;43.599998474121094;9687;0.0;0.0
45.70000076293945;45.70000076293945;43.79999923706055;44.29999923706055;1505;0.0;0.0
45.79999923706055;45.79999923706055;43.5;44.900001525878906;3542;0.0;0.0
45.0;45.0;43.20000076293945;43.5;12513;0.0;0.0
43.0;44.400001525878906;43.0;44.099998474121094;1375;0.0;0.0
45.0;45.29999923706055;43.5;44.70000076293945;2235;0.0;0.0
44.79999923706055;44.79999923706055;43.29999923706055;44.20000076293945;6326;0.0;0.0
44.20000076293945;45.0;43.099998474121094;44.20000076293945;11823;0.0;0.0
44.79999923706055;44.79999923706055;43.20000076293945;43.20000076293945;5021;0.0;0.0
43.20000076293945;43.70000076293945;43.099998474121094;43.099998474121094;1184;0.0;0.0
43.5;43.5;43.0;43.0;6985;0.0;0.0
43.0;43.0;43.0;43.0;1973;0.0;0.0
43.0;44.0;43.0;44.0;7100;0.0;0.0
46.0;46.0;42.29999923706055;43.0;3283;0.0;0.0
45.70000076293945;45.70000076293945;45.099998474121094;45.099998474121094;221;0.0;0.0
45.0;45.0;43.400001525878906;44.400001525878906;3840;0.0;0.0
43.099998474121094;47.70000076293945;43.099998474121094;45.0;17115;0.0;0.0
46.900001525878906;46.900001525878906;43.79999923706055;46.79999923706055;1252;0.0;0.0
44.900001525878906;44.900001525878906;43.400001525878906;44.29999923706055;1320;0.0;0.0
43.29999923706055;44.900001525878906;43.29999923706055;44.599998474121094;466;0.0;0.0
44.0;44.599998474121094;44.0;44.0;2146;0.0;0.0
44.0;44.0;44.0;44.0;2064;0.0;0.0
45.0;45.0;44.599998474121094;45.0;2555;0.0;0.0
43.400001525878906;44.900001525878906;43.29999923706055;44.79999923706055;2062;0.0;0.0
45.79999923706055;46.0;43.400001525878906;45.70000076293945;724;0.0;0.0
45.70000076293945;45.70000076293945;44.0;44.79999923706055;2200;0.0;0.0
44.0;44.400001525878906;44.0;44.0;6465;0.0;0.0
44.0;44.0;44.0;44.0;5087;0.0;0.0
44.0;45.0;43.29999923706055;44.0;10362;0.0;0.0
43.79999923706055;44.0;43.20000076293945;44.0;24916;0.0;0.0
44.0;44.400001525878906;43.79999923706055;43.79999923706055;10435;0.0;0.0
45.0;45.0;43.900001525878906;43.900001525878906;2908;0.0;0.0
45.70000076293945;45.70000076293945;45.70000076293945;45.70000076293945;50;0.0;0.0
43.29999923706055;45.5;43.29999923706055;44.900001525878906;14;0.0;0.0
44.0;44.20000076293945;42.599998474121094;42.900001525878906;23311;0.0;0.0
44.70000076293945;44.70000076293945;41.5;43.400001525878906;50431;0.0;0.0
44.0;44.0;41.900001525878906;42.400001525878906;10643;0.0;0.0
42.79999923706055;44.099998474121094;42.79999923706055;44.0;17954;0.0;0.0
44.900001525878906;44.900001525878906;43.0;43.20000076293945;4509;0.0;0.0
43.29999923706055;44.099998474121094;43.29999923706055;44.099998474121094;5347;0.0;0.0
43.29999923706055;44.0;43.29999923706055;43.900001525878906;2147;0.0;0.0
41.599998474121094;42.20000076293945;40.20000076293945;40.599998474121094;28970;0.0;0.0
42.0;42.0;39.0;39.900001525878906;11815;0.0;0.0
39.900001525878906;41.900001525878906;39.900001525878906;40.79999923706055;5849;0.0;0.0
41.0;42.0;39.099998474121094;40.0;777;0.0;0.0
38.79999923706055;40.70000076293945;38.79999923706055;40.400001525878906;785;0.0;0.0
39.900001525878906;39.900001525878906;38.0;38.79999923706055;29827;0.0;0.0
39.0;39.79999923706055;37.400001525878906;39.599998474121094;7675;0.0;0.0
38.5;39.400001525878906;38.400001525878906;38.400001525878906;1007;0.0;0.0
38.79999923706055;38.900001525878906;38.0;38.79999923706055;10003;0.0;0.0
37.099998474121094;38.70000076293945;37.0;38.70000076293945;3106;0.0;0.0
38.599998474121094;40.29999923706055;38.599998474121094;39.099998474121094;8271;0.0;0.0
39.20000076293945;39.599998474121094;38.099998474121094;38.099998474121094;4874;0.0;0.0
37.900001525878906;37.900001525878906;36.0;36.0;4234;0.0;0.0
37.099998474121094;37.099998474121094;36.099998474121094;37.0;33514;0.0;0.0
36.0;38.400001525878906;36.0;37.5;5033;0.0;0.0
39.0;39.0;36.0;36.599998474121094;1413;0.0;0.0
37.20000076293945;37.400001525878906;37.20000076293945;37.400001525878906;3303;0.0;0.0
35.0;36.0;35.0;35.900001525878906;3257;0.0;0.0
35.900001525878906;37.900001525878906;35.900001525878906;37.0;3328;0.0;0.0
37.29999923706055;37.29999923706055;36.0;37.0;25646;0.0;0.0
36.900001525878906;36.900001525878906;36.0;36.20000076293945;3901;0.0;0.0
36.0;36.20000076293945;35.0;36.20000076293945;8005;0.0;0.0
35.400001525878906;36.0;35.400001525878906;36.0;31143;0.0;0.0
39.900001525878906;41.099998474121094;37.400001525878906;38.0;60744;0.0;0.0
37.70000076293945;43.099998474121094;37.70000076293945;40.5;7720;0.0;0.0
41.400001525878906;41.400001525878906;39.0;39.20000076293945;3744;0.0;0.0
40.0;40.5;40.0;40.20000076293945;102385;0.0;0.0
40.0;40.20000076293945;38.599998474121094;40.20000076293945;254;0.0;0.0
40.5;42.0;40.5;41.70000076293945;8898;0.0;0.0
41.900001525878906;41.900001525878906;38.900001525878906;39.0;11360;0.0;0.0
40.0;41.0;39.5;39.5;6061;0.0;0.0
39.900001525878906;41.79999923706055;39.900001525878906;40.900001525878906;11345;0.0;0.0
41.400001525878906;41.400001525878906;40.20000076293945;40.900001525878906;13804;0.0;0.0
40.29999923706055;41.900001525878906;40.29999923706055;41.900001525878906;12321;0.0;0.0
42.5;42.5;41.099998474121094;41.599998474121094;9197;0.0;0.0
41.599998474121094;41.70000076293945;41.5;41.5;5208;0.0;0.0
40.70000076293945;42.5;40.70000076293945;41.900001525878906;4376;0.0;0.0
42.900001525878906;43.5;42.29999923706055;42.5;5064;0.0;0.0
42.0;42.099998474121094;40.20000076293945;41.099998474121094;4642;0.0;0.0
42.5;42.5;41.5;41.900001525878906;154860;0.0;0.0
42.20000076293945;42.20000076293945;40.79999923706055;40.79999923706055;3885;0.0;0.0
41.5;41.5;41.5;41.5;11560;0.0;0.0
42.0;42.900001525878906;42.0;42.20000076293945;9379;0.0;0.0
42.5;43.0;41.400001525878906;41.599998474121094;5459;0.0;0.0
41.5;41.5;40.599998474121094;41.0;10364;0.0;0.0
41.400001525878906;41.400001525878906;40.20000076293945;40.20000076293945;11541;0.0;0.0
40.0;41.0;39.599998474121094;41.0;12632;0.0;0.0
40.0;40.0;39.5;39.5;18734;0.0;0.0
39.099998474121094;39.099998474121094;38.900001525878906;38.900001525878906;137250;0.0;0.0
39.0;41.0;39.0;39.599998474121094;5872;0.0;0.0
38.599998474121094;40.0;38.5;39.099998474121094;3172;0.0;0.0
39.29999923706055;41.0;36.79999923706055;41.0;38243;0.0;0.0
39.900001525878906;41.0;38.5;40.900001525878906;7806;0.0;0.0
37.599998474121094;40.599998474121094;37.599998474121094;40.0;3957;0.0;0.0
40.0;40.0;40.0;40.0;0;0.0;0.0
41.0;41.0;41.0;41.0;178;0.0;0.0
40.0;40.0;40.0;40.0;402;0.0;0.0
39.900001525878906;43.400001525878906;39.900001525878906;39.900001525878906;1252;0.0;0.0
39.70000076293945;40.900001525878906;39.70000076293945;40.900001525878906;301;0.0;0.0
39.20000076293945;40.099998474121094;38.0;39.79999923706055;1456;0.0;0.0
40.0;40.0;39.70000076293945;39.70000076293945;621;0.0;0.0
40.0;40.0;38.099998474121094;39.5;492;0.0;0.0
38.099998474121094;39.5;38.099998474121094;38.5;5075;0.0;0.0
38.400001525878906;38.5;38.400001525878906;38.5;2176;0.0;0.0
38.20000076293945;40.099998474121094;38.20000076293945;40.0;28282;0.0;0.0
38.20000076293945;39.900001525878906;38.20000076293945;39.0;6962;0.0;0.0
38.20000076293945;39.0;38.20000076293945;38.5;5867;0.0;0.0
38.0;39.20000076293945;38.0;38.900001525878906;35;0.0;0.0
38.5;38.5;38.5;38.5;700;0.0;0.0
38.5;38.5;38.5;38.5;350;0.0;0.0
38.5;39.0;38.099998474121094;38.099998474121094;2168;0.0;0.0
37.5;38.0;37.5;37.5;1063;0.0;0.0
34.5;34.5;31.0;32.79999923706055;63816;0.0;0.0
30.0;31.0;28.0;31.0;38700;0.0;0.0
31.0;31.0;29.0;30.5;26149;0.0;0.0
29.0;29.700000762939453;27.5;28.0;30427;0.0;0.0
28.0;28.0;26.0;27.5;8032;0.0;0.0
27.399999618530273;29.399999618530273;27.0;28.0;13430;0.0;0.0
27.899999618530273;30.0;27.299999237060547;28.5;6942;0.0;0.0
30.100000381469727;30.100000381469727;28.200000762939453;29.0;11468;0.0;0.0
29.0;29.0;25.700000762939453;26.0;38020;0.0;0.0
28.0;28.799999237060547;26.100000381469727;27.200000762939453;17683;0.0;0.0
29.0;29.0;26.600000381469727;27.899999618530273;8409;0.0;0.0
29.0;29.399999618530273;26.899999618530273;28.600000381469727;227852;0.0;0.0
28.899999618530273;30.0;28.0;29.799999237060547;297118;0.0;0.0
29.799999237060547;31.600000381469727;29.799999237060547;30.0;22093;0.0;0.0
29.299999237060547;31.899999618530273;29.0;30.5;6629;0.0;0.0
31.5;32.0;30.5;30.799999237060547;5273;0.0;0.0
31.5;33.599998474121094;31.5;32.0;4905;0.0;0.0
33.5;33.5;33.0;33.0;158;0.0;0.0
33.599998474121094;33.599998474121094;33.5;33.599998474121094;7000;0.0;0.0
35.0;35.900001525878906;33.0;35.0;20927;0.0;0.0
35.400001525878906;35.79999923706055;35.0;35.0;14540;0.0;0.0
35.70000076293945;37.0;35.0;35.0;31469;0.0;0.0
36.900001525878906;36.900001525878906;35.0;36.5;13805;0.0;0.0
37.0;37.0;36.0;36.0;1012;0.0;0.0
35.0;36.0;34.0;36.0;4309;0.0;0.0
36.0;37.0;35.5;37.0;2833;0.0;0.0
34.29999923706055;35.099998474121094;34.29999923706055;35.0;3620;0.0;0.0
34.5;36.0;32.5;36.0;12519;0.0;0.0
36.099998474121094;36.900001525878906;35.900001525878906;35.900001525878906;1696;0.0;0.0
35.5;35.5;35.400001525878906;35.5;8686;0.0;0.0
34.0;34.0;34.0;34.0;340;0.0;0.0
35.900001525878906;35.900001525878906;35.0;35.0;7210;0.0;0.0
35.0;35.0;35.0;35.0;3500;0.0;0.0
35.900001525878906;36.0;35.900001525878906;36.0;3240;0.0;0.0
35.0;35.0;35.0;35.0;4174;0.0;0.0
37.0;37.0;35.0;35.0;1293;0.0;0.0
35.0;37.0;35.0;36.79999923706055;8658;0.0;0.0
36.400001525878906;36.400001525878906;36.400001525878906;36.400001525878906;186;0.0;0.0
35.0;35.0;35.0;35.0;270;0.0;0.0
35.0;36.0;35.0;36.0;22858;0.0;0.0
35.900001525878906;36.0;35.900001525878906;36.0;12500;0.0;0.0
35.0;35.0;33.0;33.20000076293945;2273;0.0;0.0
36.0;36.0;34.0;34.0;1470;0.0;0.0
33.0;33.900001525878906;31.600000381469727;33.900001525878906;2655;0.0;0.0
34.0;34.0;33.0;33.0;552;0.0;0.0
33.0;33.0;31.5;31.5;266100;0.0;0.0
32.5;34.0;32.5;33.900001525878906;2421;0.0;0.0
33.900001525878906;33.900001525878906;33.900001525878906;33.900001525878906;0;0.0;0.0
33.900001525878906;33.900001525878906;33.400001525878906;33.400001525878906;101;0.0;0.0
33.0;33.0;33.0;33.0;500;0.0;0.0
34.0;34.0;31.0;31.0;75784;0.0;0.0
31.0;33.0;30.0;31.0;7646;0.0;0.0
31.399999618530273;32.900001525878906;31.200000762939453;32.0;15876;0.0;0.0
32.29999923706055;32.5;32.0;32.0;1313;0.0;0.0
34.20000076293945;34.20000076293945;31.899999618530273;31.899999618530273;2679;0.0;0.0
33.79999923706055;33.79999923706055;31.299999237060547;31.299999237060547;4761;0.0;0.0
32.0;33.599998474121094;31.600000381469727;31.600000381469727;5515;0.0;0.0
30.799999237060547;30.799999237060547;30.799999237060547;30.799999237060547;1000;0.0;0.0
31.299999237060547;32.0;31.0;31.5;1496;0.0;0.0
33.0;33.0;30.200000762939453;31.0;19158;0.0;0.0
31.0;31.5;29.100000381469727;29.100000381469727;2669;0.0;0.0
27.100000381469727;31.5;27.100000381469727;29.5;20794;0.0;0.0
29.899999618530273;29.899999618530273;26.200000762939453;26.200000762939453;42493;0.0;0.0
26.600000381469727;28.899999618530273;26.600000381469727;28.0;18665;0.0;0.0
29.0;29.799999237060547;27.600000381469727;27.600000381469727;4547;0.0;0.0
28.0;29.5;28.0;29.5;2181;0.0;0.0
29.799999237060547;29.799999237060547;28.0;28.0;7784;0.0;0.0
27.700000762939453;28.799999237060547;26.799999237060547;28.799999237060547;874;0.0;0.0
27.5;29.0;27.5;28.0;1436;0.0;0.0
28.0;28.0;28.0;28.0;388;0.0;0.0
25.700000762939453;28.0;25.700000762939453;28.0;10148;0.0;0.0
28.0;29.899999618530273;28.0;29.5;18650;0.0;0.0
27.5;27.5;27.5;27.5;32;0.0;0.0
27.600000381469727;27.600000381469727;27.600000381469727;27.600000381469727;66;0.0;0.0
27.5;30.0;27.100000381469727;30.0;4164;0.0;0.0
30.0;30.0;27.200000762939453;28.100000381469727;1301;0.0;0.0
27.0;30.0;27.0;30.0;743;0.0;0.0
27.0;29.899999618530273;27.0;29.899999618530273;370;0.0;0.0
32.0;32.0;29.5;29.5;2470;0.0;0.0
29.5;29.700000762939453;27.5;27.5;10078;0.0;0.0
27.0;27.5;25.100000381469727;27.0;774;0.0;0.0
27.0;30.0;27.0;29.399999618530273;8925;0.0;0.0
28.600000381469727;31.0;28.5;28.5;1302;0.0;0.0
28.5;28.5;28.5;28.5;0;0.0;0.0
27.0;27.0;27.0;27.0;400;0.0;0.0
28.0;28.5;27.0;28.0;4864;0.0;0.0
28.0;28.0;28.0;28.0;100;0.0;0.0
27.200000762939453;29.0;27.200000762939453;29.0;1254;0.0;0.0
25.200000762939453;27.0;25.200000762939453;27.0;127;0.0;0.0
27.0;27.0;27.0;27.0;0;0.0;0.0
29.0;29.0;28.799999237060547;28.799999237060547;400;0.0;0.0
28.399999618530273;28.399999618530273;26.200000762939453;26.200000762939453;271;0.0;0.0
29.899999618530273;31.0;29.0;31.0;4028;0.0;0.0
31.0;33.0;31.0;31.700000762939453;9786;0.0;0.0
33.70000076293945;33.70000076293945;31.200000762939453;31.200000762939453;620;0.0;0.0
34.5;34.5;30.0;31.200000762939453;1196;0.0;0.0
31.200000762939453;31.200000762939453;31.200000762939453;31.200000762939453;0;0.0;0.0
32.5;32.5;32.5;32.5;200;0.0;0.0
32.5;32.5;32.5;32.5;0;0.0;0.0
32.5;32.5;32.5;32.5;0;0.0;0.0
29.5;31.100000381469727;29.5;31.100000381469727;1769;0.0;0.0
31.0;31.0;31.0;31.0;100;0.0;0.0
29.399999618530273;30.5;29.399999618530273;29.399999618530273;256;0.0;0.0
29.600000381469727;29.600000381469727;29.600000381469727;29.600000381469727;850;0.0;0.0
29.399999618530273;29.399999618530273;25.200000762939453;25.200000762939453;66;0.0;0.0
25.200000762939453;25.200000762939453;25.200000762939453;25.200000762939453;0;0.0;0.0
30.0;30.100000381469727;29.700000762939453;29.700000762939453;7723;0.0;0.0
26.200000762939453;30.0;26.200000762939453;30.0;1000;0.0;0.0
30.799999237060547;31.0;30.700000762939453;30.700000762939453;450;0.0;0.0
30.5;30.700000762939453;30.0;30.0;7963;0.0;0.0
30.0;30.0;30.0;30.0;533;0.0;0.0
30.0;31.0;30.0;31.0;6249;0.0;0.0
29.0;30.600000381469727;29.0;30.600000381469727;795;0.0;0.0
30.600000381469727;30.600000381469727;30.600000381469727;30.600000381469727;0;0.0;0.0
30.0;30.0;30.0;30.0;700;0.0;0.0
29.0;29.0;28.100000381469727;28.100000381469727;471;0.0;0.0
28.200000762939453;28.5;26.100000381469727;26.100000381469727;1775;0.0;0.0
27.0;28.0;27.0;28.0;11264;0.0;0.0
26.5;26.5;26.5;26.5;10;0.0;0.0
26.5;26.5;26.5;26.5;0;0.0;0.0
26.5;26.5;26.5;26.5;0;0.0;0.0
26.799999237060547;29.899999618530273;26.799999237060547;29.899999618530273;651;0.0;0.0
30.0;30.899999618530273;29.899999618530273;29.899999618530273;2106;0.0;0.0
30.0;30.0;30.0;30.0;150;0.0;0.0
31.899999618530273;32.0;29.899999618530273;30.0;1911;0.0;0.0
28.0;29.600000381469727;28.0;29.600000381469727;174;0.0;0.0
27.799999237060547;30.0;27.799999237060547;29.600000381469727;1012;0.0;0.0
27.600000381469727;32.0;27.600000381469727;29.0;6000;0.0;0.0
29.0;29.0;29.0;29.0;500;0.0;0.0
30.700000762939453;30.899999618530273;30.700000762939453;30.899999618530273;809;0.0;0.0
28.0;28.0;28.0;28.0;113;0.0;0.0
28.5;28.5;28.5;28.5;270;0.0;0.0
28.5;30.0;28.5;30.0;434;0.0;0.0
30.0;30.0;30.0;30.0;0;0.0;0.0
30.0;30.0;27.100000381469727;27.600000381469727;4485;0.0;0.0
27.600000381469727;27.600000381469727;27.600000381469727;27.600000381469727;0;0.0;0.0
27.600000381469727;27.600000381469727;27.600000381469727;27.600000381469727;139;0.0;0.0
28.100000381469727;28.100000381469727;28.0;28.0;8030;0.0;0.0
28.0;28.0;27.700000762939453;27.700000762939453;1670;0.0;0.0
27.799999237060547;30.0;27.799999237060547;30.0;1419;0.0;0.0
30.5;30.5;30.5;30.5;100;0.0;0.0
30.5;30.5;30.5;30.5;0;0.0;0.0
30.0;30.0;30.0;30.0;15;0.0;0.0
26.5;26.899999618530273;26.5;26.5;17350;0.0;0.0
26.0;26.200000762939453;25.0;25.0;25458;0.0;0.0
25.0;25.0;25.0;25.0;4836;0.0;0.0
25.899999618530273;25.899999618530273;25.600000381469727;25.600000381469727;209;0.0;0.0
25.0;25.600000381469727;24.799999237060547;25.5;1633;0.0;0.0
25.0;25.0;21.700000762939453;23.600000381469727;10926;0.0;0.0
24.700000762939453;24.700000762939453;22.5;23.5;9634;0.0;0.0
27.0;27.0;23.5;24.0;1880;0.0;0.0
23.100000381469727;24.0;22.100000381469727;24.0;2462;0.0;0.0
21.100000381469727;22.600000381469727;21.100000381469727;22.600000381469727;1006;0.0;0.0
24.5;26.299999237060547;24.5;25.5;7397;0.0;0.0
25.200000762939453;25.200000762939453;23.799999237060547;24.700000762939453;2855;0.0;0.0
24.700000762939453;24.700000762939453;24.700000762939453;24.700000762939453;0;0.0;0.0
24.299999237060547;24.299999237060547;23.399999618530273;23.399999618530273;1193;0.0;0.0
23.0;25.899999618530273;22.899999618530273;25.899999618530273;3426;0.0;0.0
23.5;25.0;22.700000762939453;25.0;5855;0.0;0.0
25.0;25.0;24.5;24.5;34635;0.0;0.0
23.0;24.399999618530273;22.200000762939453;24.399999618530273;3777;0.0;0.0
24.399999618530273;27.200000762939453;24.399999618530273;25.100000381469727;5314;0.0;0.0
24.0;24.0;24.0;24.0;78;0.0;0.0
26.299999237060547;26.299999237060547;21.799999237060547;23.899999618530273;6139;0.0;0.0
23.899999618530273;23.899999618530273;23.899999618530273;23.899999618530273;160;0.0;0.0
24.299999237060547;24.299999237060547;24.299999237060547;24.299999237060547;500;0.0;0.0
25.5;26.399999618530273;23.0;23.0;4084;0.0;0.0
23.0;23.0;23.0;23.0;530;0.0;0.0
23.0;23.0;21.200000762939453;22.399999618530273;2867;0.0;0.0
22.399999618530273;22.399999618530273;22.399999618530273;22.399999618530273;0;0.0;0.0
23.0;25.100000381469727;22.899999618530273;23.0;4425;0.0;0.0
23.200000762939453;24.399999618530273;23.200000762939453;24.0;5134;0.0;0.0
26.0;26.200000762939453;23.299999237060547;23.700000762939453;12383;0.0;0.0
23.5;25.0;22.0;22.899999618530273;32347;0.0;0.0
22.899999618530273;22.899999618530273;22.299999237060547;22.899999618530273;31137;0.0;0.0
25.0;25.0;22.700000762939453;22.899999618530273;2908;0.0;0.0
23.0;25.299999237060547;23.0;23.5;99629;0.0;0.0
23.0;24.399999618530273;23.0;23.200000762939453;4225;0.0;0.0
23.299999237060547;23.299999237060547;22.0;22.0;2612;0.0;0.0
23.200000762939453;24.399999618530273;23.0;24.399999618530273;1400;0.0;0.0
24.600000381469727;25.0;23.200000762939453;23.399999618530273;4248;0.0;0.0
23.799999237060547;24.0;23.299999237060547;24.0;2720;0.0;0.0
24.0;24.0;23.5;23.5;201;0.0;0.0
25.0;25.0;23.0;23.0;3145;0.0;0.0
24.600000381469727;25.5;23.299999237060547;24.299999237060547;31967;0.0;0.0
26.5;26.5;24.899999618530273;24.899999618530273;35890;0.0;0.0
27.0;27.0;25.0;25.0;79444;0.0;0.0
25.0;25.0;23.600000381469727;24.0;16979;0.0;0.0
22.700000762939453;24.299999237060547;22.700000762939453;24.0;3410;0.0;0.0
24.0;24.5;23.5;24.299999237060547;3935;0.0;0.0
23.899999618530273;25.5;23.899999618530273;25.5;13414;0.0;0.0
25.0;26.799999237060547;25.0;26.299999237060547;5250;0.0;0.0
22.600000381469727;28.5;22.600000381469727;28.5;14695;0.0;0.0
30.100000381469727;30.5;28.0;28.399999618530273;8533;0.0;0.0
28.399999618530273;29.5;28.399999618530273;29.0;2363;0.0;0.0
29.5;34.0;29.200000762939453;30.799999237060547;5600;0.0;0.0
30.799999237060547;30.799999237060547;30.799999237060547;30.799999237060547;0;0.0;0.0
30.799999237060547;31.399999618530273;30.0;31.0;5032;0.0;0.0
29.5;29.600000381469727;28.200000762939453;28.399999618530273;2551;0.0;0.0
29.0;29.5;28.5;28.5;3094;0.0;0.0
28.5;28.5;28.5;28.5;0;0.0;0.0
28.899999618530273;28.899999618530273;28.899999618530273;28.899999618530273;30050;0.0;0.0
29.600000381469727;30.600000381469727;29.0;29.0;6944;0.0;0.0
29.0;29.0;29.0;29.0;0;0.0;0.0
29.0;29.0;29.0;29.0;0;0.0;0.0
29.0;29.0;27.0;27.0;2275;0.0;0.0
28.399999618530273;28.399999618530273;25.200000762939453;26.899999618530273;22001;0.0;0.0
27.0;27.200000762939453;27.0;27.200000762939453;701;0.0;0.0
28.899999618530273;28.899999618530273;27.100000381469727;27.100000381469727;550;0.0;0.0
28.899999618530273;28.899999618530273;28.899999618530273;28.899999618530273;92;0.0;0.0
28.899999618530273;28.899999618530273;28.899999618530273;28.899999618530273;0;0.0;0.0
26.200000762939453;28.0;26.100000381469727;26.600000381469727;2911;0.0;0.0
26.100000381469727;26.100000381469727;25.899999618530273;25.899999618530273;3615;0.0;0.0
25.0;29.0;25.0;28.5;8388;0.0;0.0
29.0;29.0;29.0;29.0;146;0.0;0.0
28.399999618530273;29.5;27.5;28.0;3510;0.0;0.0
28.5;31.5;28.5;28.5;3119;0.0;0.0
29.899999618530273;29.899999618530273;27.0;27.0;300;0.0;0.0
26.600000381469727;28.5;26.600000381469727;28.5;821;0.0;0.0
28.5;28.5;28.5;28.5;0;0.0;0.0
26.0;28.0;25.100000381469727;28.0;730;0.0;0.0
26.200000762939453;28.0;26.200000762939453;28.0;1650;0.0;0.0
27.899999618530273;27.899999618530273;27.899999618530273;27.899999618530273;8;0.0;0.0
27.899999618530273;29.899999618530273;26.100000381469727;28.700000762939453;2043;0.0;0.0
27.600000381469727;27.600000381469727;27.600000381469727;27.600000381469727;89;0.0;0.0
28.200000762939453;28.799999237060547;25.399999618530273;28.799999237060547;2434;0.0;0.0
28.799999237060547;28.799999237060547;28.799999237060547;28.799999237060547;0;0.0;0.0
28.100000381469727;28.100000381469727;28.0;28.0;3794;0.0;0.0
28.0;28.0;28.0;28.0;1750;0.0;0.0
28.0;28.0;28.0;28.0;0;0.0;0.0
28.100000381469727;28.100000381469727;28.0;28.0;5650;0.0;0.0
29.899999618530273;29.899999618530273;27.399999618530273;29.899999618530273;579;0.0;0.0
28.799999237060547;28.899999618530273;28.799999237060547;28.899999618530273;430;0.0;0.0
28.0;28.0;27.899999618530273;27.899999618530273;524;0.0;0.0
27.899999618530273;27.899999618530273;27.899999618530273;27.899999618530273;0;0.0;0.0
27.899999618530273;27.899999618530273;27.899999618530273;27.899999618530273;0;0.0;0.0
25.600000381469727;29.700000762939453;25.5;29.700000762939453;824;0.0;0.0
28.899999618530273;28.899999618530273;28.899999618530273;28.899999618530273;108;0.0;0.0
28.0;28.0;28.0;28.0;1090;0.0;0.0
26.200000762939453;28.0;26.200000762939453;27.799999237060547;9481;0.0;0.0
27.0;27.399999618530273;27.0;27.399999618530273;197;0.0;0.0
27.399999618530273;27.399999618530273;26.5;26.5;110;0.0;0.0
26.899999618530273;26.899999618530273;25.600000381469727;26.100000381469727;6965;0.0;0.0
